,precision,recall,f1-score,support
0-50,0.0,0.0,0.0,976.0
50-100,0.2736563209689629,1.0,0.4297176820208024,2169.0
100-150,0.0,0.0,0.0,1607.0
150-200,0.0,0.0,0.0,1051.0
200-250,0.0,0.0,0.0,620.0
250-300,0.0,0.0,0.0,421.0
300-350,0.0,0.0,0.0,233.0
350+,0.0,0.0,0.0,849.0
accuracy,0.2736563209689629,0.2736563209689629,0.2736563209689629,0.2736563209689629
macro avg,0.034207040121120365,0.125,0.0537147102526003,7926.0
weighted avg,0.07488778200626806,0.2736563209689629,0.11759495991712345,7926.0
