,precision,recall,f1-score,support
0-50,0.0,0.0,0.0,927.0
50-100,0.2728993186979561,1.0,0.4287838239666964,2163.0
100-150,0.0,0.0,0.0,1613.0
150-200,0.0,0.0,0.0,1080.0
200-250,0.0,0.0,0.0,594.0
250-300,0.0,0.0,0.0,433.0
300-350,0.0,0.0,0.0,247.0
350+,0.0,0.0,0.0,869.0
accuracy,0.2728993186979561,0.2728993186979561,0.2728993186979561,0.2728993186979561
macro avg,0.03411241483724451,0.125,0.05359797799583705,7926.0
weighted avg,0.07447403814580861,0.2728993186979561,0.11701481342921578,7926.0
