,precision,recall,f1-score,support
0-50,0.0,0.0,0.0,1022.0
50-100,0.2654554630330558,1.0,0.4195413758723828,2104.0
100-150,0.0,0.0,0.0,1565.0
150-200,0.0,0.0,0.0,1065.0
200-250,0.0,0.0,0.0,649.0
250-300,0.0,0.0,0.0,416.0
300-350,0.0,0.0,0.0,247.0
350+,0.0,0.0,0.0,858.0
accuracy,0.2654554630330558,0.2654554630330558,0.2654554630330558,0.2654554630330558
macro avg,0.03318193287913197,0.125,0.05244267198404785,7926.0
weighted avg,0.07046660285409403,0.2654554630330558,0.11136955019372867,7926.0
