,precision,recall,f1-score,support
0-50,0.0,0.0,0.0,951.0
50-100,0.2720161493817815,1.0,0.42769291807181115,2156.0
100-150,0.0,0.0,0.0,1643.0
150-200,0.0,0.0,0.0,1099.0
200-250,0.0,0.0,0.0,583.0
250-300,0.0,0.0,0.0,423.0
300-350,0.0,0.0,0.0,212.0
350+,0.0,0.0,0.0,859.0
accuracy,0.2720161493817815,0.2720161493817815,0.2720161493817815,0.2720161493817815
macro avg,0.034002018672722685,0.125,0.05346161475897639,7926.0
weighted avg,0.07399278552449166,0.2720161493817815,0.1163393806917518,7926.0
