,precision,recall,f1-score,support
0-50,0.0,0.0,0.0,986.0
50-100,0.2732778198334595,1.0,0.4292508917954816,2166.0
100-150,0.0,0.0,0.0,1556.0
150-200,0.0,0.0,0.0,1134.0
200-250,0.0,0.0,0.0,593.0
250-300,0.0,0.0,0.0,401.0
300-350,0.0,0.0,0.0,240.0
350+,0.0,0.0,0.0,850.0
accuracy,0.2732778198334595,0.2732778198334595,0.2732778198334595,0.2732778198334595
macro avg,0.03415972747918244,0.125,0.0536563614744352,7926.0
weighted avg,0.07468076681292875,0.2732778198334595,0.11730474787143744,7926.0
