,precision,recall,f1-score,support
0-50,0.0,0.0,0.0,1061.0
50-100,0.2668433005299016,1.0,0.4212727815954586,2115.0
100-150,0.0,0.0,0.0,1640.0
150-200,0.0,0.0,0.0,1077.0
200-250,0.0,0.0,0.0,576.0
250-300,0.0,0.0,0.0,397.0
300-350,0.0,0.0,0.0,224.0
350+,0.0,0.0,0.0,836.0
accuracy,0.2668433005299016,0.2668433005299016,0.2668433005299016,0.2668433005299016
macro avg,0.0333554125662377,0.125,0.052659097699432326,7926.0
weighted avg,0.07120534703769137,0.2668433005299016,0.11241381946434456,7926.0
